<?xml version="1.0" encoding="UTF-8"?>
<!DOCTYPE configuremap [
  <!ELEMENT configuremap (configure)+>
  <!ATTLIST configuremap xmlns CDATA #FIXED ''>
  <!ELEMENT configure EMPTY>
  <!ATTLIST configure xmlns CDATA #FIXED '' name NMTOKEN #REQUIRED
    value CDATA #REQUIRED>
]>
<!--
  ImageMagick build configuration.
-->
<configuremap>
  <configure name="CC" value="VS2022"/>
  <configure name="CHANNEL_MASK_DEPTH" value="32"/>
  <configure name="COPYRIGHT" value="Copyright (C) 1999 ImageMagick Studio LLC"/>
  <configure name="CXX" value="VS2022"/>
  <configure name="DOCUMENTATION_PATH" value="unavailable"/>
  <configure name="GIT_REVISION" value="21316" />
  <configure name="LIB_VERSION_NUMBER" value="7,1,1,26"/>
  <configure name="LIB_VERSION" value="0x711"/>
  <configure name="NAME" value="ImageMagick"/>
  <configure name="QuantumDepth" value="1"/>
  <configure name="RELEASE_DATE" value="2024-01-07"/>
  <configure name="TARGET_CPU" value="x86"/>
  <configure name="TARGET_OS" value="Windows"/>
  <configure name="VERSION" value="7.1.1"/>
  <configure name="WEBSITE" value="https://imagemagick.org"/>
</configuremap>
